,song,all,male,female
0,blues.00065.au,7.510312218,8.489799636,-16.03594593
1,country.00014.au,5.690612587,-9.469108761,4.270053644
2,rock.00075.au,7.554343952,2.074969342,-14.50739421
3,hiphop.00012.au,26.65757495,15.89584992,-8.762414501
4,rock.00034.au,45.93501156,-4.035380259,-3.927694498
5,jazz.00060.au,-28.56758502,5.237077661,8.378017421
6,rock.00032.au,45.94611865,-0.954496037,-4.312072656
7,jazz.00045.au,-38.71746414,3.642350362,15.40250724
8,jazz.00020.au,-64.0890266,-9.599030201,13.2417022
9,blues.00053.au,23.65412186,17.50389621,-12.60030451
10,disco.00038.au,33.11406481,-9.073869113,1.797334016
11,pop.00011.au,-36.26088851,-7.996482012,10.36401406
12,hiphop.00072.au,7.283790346,-4.408141233,10.58857108
13,reggae.00033.au,-42.09329813,-10.39167311,0.756896095
14,reggae.00034.au,-39.85825085,-5.715103003,11.74476801
15,blues.00060.au,24.13629885,13.4780364,-7.883065018
16,rock.00085.au,-26.0951131,-8.169075118,-1.154481467
17,reggae.00062.au,-47.46932143,-11.95959919,3.211970124
18,rock.00063.au,-54.88672065,-11.0025701,5.979538996
19,reggae.00019.au,-18.84766026,-4.303058277,2.241227851
20,country.00008.au,48.00126586,-1.694277096,-3.99889443
21,blues.00011.au,-48.94685821,-8.511898787,10.5936858
22,hiphop.00041.au,38.74418003,-8.291763223,8.211238647
23,blues.00020.au,-37.7813993,-1.72156238,3.977298264
24,reggae.00041.au,-19.24864671,-9.192560167,-4.219412748
25,pop.00060.au,59.08985385,-13.92281551,8.253377797
26,reggae.00095.au,38.67337079,-9.175673876,4.243533057
27,rock.00051.au,40.3782299,-12.82918864,3.011640939
28,country.00096.au,22.77804017,17.42674314,-3.433072595
29,disco.00094.au,0.293235041,4.225570509,-6.456582557
30,blues.00082.au,38.69563194,16.50768732,-10.95007557
31,disco.00047.au,-51.69109312,0.541466033,7.85542117
32,jazz.00075.au,34.00888203,-10.68302915,-0.198127093
33,country.00060.au,-20.09028022,-0.115189648,1.747771716
34,metal.00040.au,19.22405465,11.77382614,-20.78871634
35,classical.00053.au,6.576949329,17.07549304,2.100942508
36,metal.00030.au,19.51021533,15.00235985,-2.895652602
37,blues.00004.au,-18.47966454,12.47513298,6.819828383
38,blues.00098.au,13.01078425,12.62315556,-15.09624989
39,disco.00001.au,47.00435436,-6.442935287,-4.746518677
40,hiphop.00050.au,9.269382766,-6.235117169,11.64691012
41,hiphop.00029.au,37.66738842,-12.96617895,-2.593830839
42,blues.00021.au,-43.94912696,-1.052039239,4.603986314
43,reggae.00087.au,25.87608474,-14.51339548,7.913001623
44,classical.00025.au,-41.21530272,2.474435385,12.88859715
45,jazz.00011.au,-26.8549752,-4.135463433,3.95208411
46,pop.00059.au,41.65047107,-27.41620665,-3.925341906
47,blues.00059.au,22.56254481,6.008273719,-13.05361427
48,pop.00029.au,48.74169559,-3.267525992,3.864379477
49,blues.00084.au,36.22420895,19.94224584,-10.65218624
50,classical.00074.au,-51.89999313,-2.409992904,12.78859599
51,blues.00093.au,-58.62443282,-10.62332728,13.48837838
52,jazz.00043.au,-16.35139775,13.13139718,-6.215640451
53,country.00091.au,-24.86369836,2.834984336,8.112141658
54,rock.00066.au,-38.61182158,-10.75316238,8.063233979
55,hiphop.00094.au,-21.11499884,-6.672855244,0.379544147
56,hiphop.00015.au,21.50197135,2.048124124,-9.705442639
57,blues.00066.au,4.259711532,7.306189618,-10.27845137
58,metal.00095.au,37.45195513,11.19231886,-10.8167888
59,hiphop.00057.au,9.555196524,-1.677574871,-2.962848182
60,reggae.00027.au,-21.83792769,-6.160371787,-6.791166111
61,reggae.00082.au,19.51081712,0.762258061,22.30482226
62,hiphop.00023.au,34.13593092,12.17622521,-10.63052697
63,hiphop.00003.au,37.45183339,8.321709067,-12.16702693
64,pop.00030.au,59.36173478,-1.235307395,-8.831202262
65,jazz.00019.au,-46.25970762,-4.846801038,8.966684679
66,metal.00038.au,13.45859492,0.812235774,-19.09681743
67,disco.00066.au,28.96541053,20.13606267,-16.1484761
68,country.00095.au,-0.613096045,11.94187564,2.098672525
69,reggae.00092.au,-11.6738637,5.871805108,-12.05931856
70,reggae.00083.au,-46.72093417,-10.5340738,14.2684339
71,country.00011.au,-19.40078376,-16.35949383,4.250466699
72,disco.00085.au,-13.66935978,-11.30798255,-5.047234764
73,jazz.00076.au,-2.569023678,4.791420108,6.054032651
74,disco.00068.au,13.28713063,4.099440851,-13.91201986
75,disco.00080.au,-34.54967831,-7.177606616,2.429428062
76,blues.00046.au,-15.39076573,-5.161193611,-2.241578294
77,rock.00087.au,32.42471516,15.42144542,-13.31631458
78,pop.00096.au,46.25806168,-13.2248336,6.816761967
79,pop.00044.au,45.70233904,-11.12282265,-6.47902516
80,jazz.00016.au,-43.06432509,-2.576900812,7.494781325
81,blues.00077.au,39.25741242,15.96892318,-17.08865965
82,metal.00026.au,20.34787253,8.791853088,-17.69478208
83,jazz.00014.au,-60.62171179,-5.608361027,11.98915925
84,jazz.00084.au,-8.428926257,-11.57140225,-0.078011606
85,disco.00010.au,50.33396489,-2.975891907,-6.416836641
86,blues.00055.au,19.13734419,7.226628056,-6.419951169
87,classical.00020.au,-56.18428343,1.016699297,9.559664601
88,country.00088.au,2.676409028,9.950723386,-2.690094481
89,disco.00099.au,9.093329119,26.47449912,-14.519341
90,reggae.00081.au,19.5108116,0.762258184,22.30482001
91,disco.00063.au,34.79903137,4.333389435,-14.17527616
92,disco.00000.au,8.094772445,-3.822892548,3.266523111
93,reggae.00001.au,-26.28927849,0.591344377,2.975805964
94,metal.00091.au,11.06402421,12.89468579,-11.93150447
95,jazz.00069.au,-16.28353387,13.12117837,-6.230109891
96,jazz.00096.au,-47.65708211,-7.255696918,6.208913925
97,country.00078.au,-50.71831884,-8.6481345,13.77141327
98,hiphop.00095.au,18.18342841,1.483562411,-11.84654686
99,country.00027.au,9.179259786,13.46911053,2.75142929
100,pop.00068.au,56.2218676,-3.593159443,0.430624047
101,reggae.00099.au,25.88884836,10.80693217,-18.55953147
102,jazz.00028.au,-38.39335249,-5.196509164,6.284762277
103,classical.00073.au,-56.5394202,-1.180359122,12.73090179
104,country.00054.au,-19.15085201,-0.755569495,1.041525451
105,metal.00010.au,17.92614434,7.884168099,-17.34493663
106,pop.00071.au,56.44672303,-5.199069924,11.47814429
107,metal.00072.au,33.53175673,12.46080089,-13.59653854
108,pop.00017.au,40.07153998,-7.270516478,2.322289983
109,hiphop.00019.au,26.75560052,4.611868684,-10.84906735
110,disco.00075.au,12.50184352,5.902539488,-11.67517444
111,rock.00079.au,12.74166774,13.37661037,-9.326838295
112,metal.00020.au,18.61240849,6.49717249,-14.02081219
113,classical.00093.au,-26.94434598,5.052615488,4.699353147
114,rock.00004.au,-1.663585479,8.343269583,0.595268714
115,hiphop.00080.au,31.6787873,-10.13274711,-6.216920858
116,blues.00007.au,-21.10537505,5.353697623,6.766121195
117,pop.00074.au,44.24793575,-15.59555724,8.841570752
118,classical.00030.au,-58.08255877,-3.159842051,14.54777013
119,reggae.00000.au,-16.10525387,3.783917012,-5.830797198
120,pop.00014.au,-2.64436788,1.279561821,3.936245782
121,country.00071.au,-22.3018055,9.053892149,11.97103874
122,jazz.00047.au,-28.62174504,-6.30574537,4.984165629
123,pop.00032.au,9.146967265,-14.65696968,-0.625602408
124,disco.00049.au,36.4595422,13.75756894,-7.739400426
125,reggae.00056.au,-16.00017657,-4.883242786,6.646575518
126,metal.00005.au,18.52659751,9.626141209,-11.57471136
127,pop.00073.au,54.11465473,-3.521244996,-0.502610673
128,metal.00051.au,46.75121767,10.64591991,-15.67785283
129,blues.00052.au,-33.68167744,2.465824062,7.679234417
130,pop.00052.au,60.5279254,-13.47718816,-3.726305368
131,blues.00075.au,20.28928025,1.211991347,-19.98386616
132,reggae.00088.au,35.67077302,-13.31720839,0.27818851
133,classical.00022.au,-54.63524597,-2.249587433,19.46975606
134,hiphop.00092.au,-9.911753914,-6.966952057,-3.676026703
135,country.00034.au,-5.359248108,-6.211564707,3.992464419
136,blues.00029.au,-34.13917065,0.135271038,-1.531135027
137,classical.00011.au,-64.73035732,-5.396265931,13.69919619
138,classical.00000.au,-46.87464225,-2.545931171,10.50537342
139,metal.00089.au,20.03363553,15.33116099,-2.101426118
140,country.00035.au,3.891532515,-3.78839472,3.919112554
141,disco.00013.au,48.36018389,-9.036180701,1.29594474
142,pop.00080.au,50.79613795,-15.64769861,-8.617140543
143,jazz.00056.au,45.32500858,-8.295231106,0.993513327
144,disco.00076.au,13.59564924,19.2718884,-10.63930364
145,rock.00016.au,38.13315228,15.23042812,-13.68572085
146,pop.00070.au,36.2171929,-10.59351389,10.92114325
147,disco.00051.au,17.27598195,14.36092087,-12.76690825
148,reggae.00086.au,56.12421634,1.115522548,-4.051700342
149,pop.00049.au,-9.858102178,-1.643316385,8.207369878
150,classical.00049.au,9.169756998,13.64357342,5.165549654
151,blues.00032.au,-48.50690934,-11.56726663,7.490796157
152,blues.00096.au,-53.02217404,-9.730336422,13.13748444
153,pop.00006.au,-11.55191153,-6.855248979,7.659842272
154,classical.00039.au,-67.09447827,-7.502404809,17.68316803
155,pop.00019.au,47.95896154,0.898943624,1.649658343
156,hiphop.00017.au,24.18431664,5.824839385,-6.896897431
157,jazz.00018.au,-25.26949539,-4.430212839,3.652358667
158,jazz.00058.au,-32.0430789,7.508992591,17.29217723
159,country.00072.au,11.6400347,15.72467919,-1.664393944
160,disco.00053.au,26.92330833,6.47336256,8.685756984
161,jazz.00066.au,5.773814876,11.06250424,3.822703159
162,jazz.00090.au,-33.63384196,-7.585855853,7.430186697
163,disco.00058.au,8.782255961,2.54836551,-6.492392763
164,disco.00018.au,36.11955986,-7.600656715,5.0175556
165,reggae.00075.au,37.34310411,-1.355385264,1.205341278
166,country.00048.au,-7.121805722,3.490855522,12.46931277
167,pop.00055.au,47.16085199,-15.78468716,-1.289915042
168,disco.00088.au,17.60061511,8.535344898,-7.648457385
169,metal.00092.au,25.30133437,13.13060438,-9.947675908
170,disco.00092.au,4.135072345,4.483068671,-14.49413072
171,hiphop.00070.au,41.25401188,-19.84479093,7.497072031
172,jazz.00010.au,-55.19127453,-7.444007553,19.05566221
173,disco.00074.au,34.78185937,15.41650878,-12.3728669
174,reggae.00002.au,-24.5978105,-5.240072886,8.83500225
175,classical.00063.au,-70.81457143,-4.900697227,15.06816845
176,jazz.00088.au,-21.4480317,-12.37007385,7.396689989
177,blues.00033.au,-31.85871215,2.541341572,-2.451399751
178,classical.00082.au,-48.77659249,1.757284587,12.40406357
179,classical.00072.au,-63.0311524,-7.319980312,14.33465736
180,pop.00098.au,52.96655294,-9.485265726,-5.200728221
181,jazz.00062.au,-16.36212823,2.308230307,13.1687337
182,blues.00009.au,-32.54097214,-8.530462261,-2.418052585
183,classical.00012.au,-60.99708479,-5.584455433,18.36683411
184,hiphop.00056.au,14.3294246,-7.429641094,-10.49055584
185,reggae.00063.au,-17.63879727,2.563903295,7.782808909
186,reggae.00031.au,-35.39756934,-2.582791738,5.732148335
187,jazz.00017.au,-37.65698049,-5.291286046,3.151280928
188,rock.00025.au,29.76987648,14.59803753,-14.57673666
189,pop.00028.au,43.81313313,-6.188001826,1.260026435
190,hiphop.00032.au,-3.066997999,-12.79508096,6.338521711
191,pop.00062.au,50.74992786,3.173699981,-2.52193646
192,country.00059.au,-20.22680057,0.259293754,-4.814551183
193,pop.00066.au,44.12915289,-10.4281285,7.355338087
194,jazz.00051.au,-43.88694244,-8.011448775,17.1822478
195,country.00081.au,23.81439136,17.9404342,-6.947393608
196,disco.00008.au,45.48580557,-0.799211512,-7.228598405
197,classical.00055.au,-72.48891621,-7.417739737,12.70712167
198,rock.00057.au,37.14699133,-9.127984443,1.634150867
199,classical.00010.au,-56.19703501,-2.17385034,8.752572436
200,jazz.00027.au,-44.0485362,-7.002619989,6.928326599
201,metal.00037.au,14.77854684,12.8831069,-12.05817151
202,classical.00037.au,-46.82960141,-2.85370859,13.27692679
203,classical.00028.au,-42.80631245,2.979375674,12.02324697
204,metal.00058.au,38.41943982,15.17370607,-14.57377379
205,metal.00041.au,13.74293133,17.06080886,-23.20430814
206,disco.00004.au,34.42551712,-9.752244868,4.616830066
207,rock.00059.au,-33.36672362,-10.6590633,7.809852434
208,hiphop.00079.au,32.70607717,-14.47187534,-4.141497988
209,rock.00096.au,-2.599618609,12.90252692,-5.165063777
210,disco.00003.au,42.19291694,-4.922064591,-10.15427437
211,classical.00061.au,-53.5235989,3.054086185,9.447811584
212,pop.00058.au,33.33012578,-8.339048818,7.507887659
213,jazz.00050.au,39.46970506,-9.28882516,1.322316137
214,hiphop.00024.au,30.06243752,7.326840297,-11.20378036
215,blues.00045.au,-13.79467604,-4.754895116,-2.618519423
216,blues.00089.au,-59.87891828,-11.57302695,13.14270496
217,blues.00002.au,14.72150526,17.99184023,-1.216780562
218,rock.00095.au,-3.087211028,12.7146135,-7.07552625
219,country.00005.au,47.84149887,-3.886622223,-4.836822984
220,country.00086.au,5.364789895,8.866775978,-7.594566231
221,hiphop.00060.au,-10.15798733,-3.161111672,-3.030102203
222,blues.00012.au,-30.16191419,2.501043524,4.293936466
223,hiphop.00008.au,11.90153133,-0.083643421,-14.93344899
224,blues.00074.au,35.28467388,9.5386859,-8.195884648
225,hiphop.00030.au,50.6676114,-9.304653849,-0.92582599
226,pop.00045.au,41.54264139,-4.953508055,12.77746066
227,rock.00090.au,15.42532052,9.264384883,-11.88881114
228,reggae.00067.au,0.314498812,3.19671674,8.666526912
229,rock.00023.au,17.68774042,18.71773809,-11.69379405
230,blues.00073.au,37.46033233,13.56552136,-11.43156152
231,pop.00065.au,15.07591984,-3.498166911,9.469022053
232,classical.00050.au,-70.42770469,-8.251840374,12.84083919
233,pop.00069.au,45.98680366,1.277933066,-2.842801299
234,reggae.00007.au,-27.81711036,-3.169215484,-0.616744204
235,country.00031.au,-1.6778295,3.25897749,3.602397495
236,classical.00095.au,-67.28023118,-11.27381782,15.46399619
237,jazz.00079.au,-5.432455302,-9.219315207,-0.490342527
238,blues.00080.au,31.2757613,20.10193012,-9.834030623
239,classical.00096.au,-28.80341805,-7.546382364,13.5507582
240,reggae.00047.au,-0.657576916,-9.072187318,-9.148827653
241,disco.00082.au,28.27992655,14.64717384,-5.808882495
242,classical.00068.au,-43.08152294,1.11308221,10.84633327
243,country.00007.au,49.6481826,-4.834851889,-2.781759288
244,reggae.00006.au,-31.47343706,-3.137730306,13.99538219
245,blues.00019.au,-40.04714945,0.528770691,7.270945432
246,disco.00084.au,-25.7756438,-13.28846798,4.698840421
247,hiphop.00098.au,6.035600676,-1.900940386,-13.53776003
248,disco.00002.au,43.90445047,-12.79070484,2.808798972
249,hiphop.00016.au,18.69446408,-2.908305277,-14.33176596
250,reggae.00043.au,-19.78712816,5.941578745,10.56447382
251,blues.00062.au,1.849927738,8.898964532,-14.60382537
252,classical.00045.au,-21.40566202,7.593289549,9.109014819
253,hiphop.00058.au,10.34789224,-4.25902253,-10.09384214
254,reggae.00046.au,-11.90745575,-8.12261181,0.356163538
255,country.00075.au,30.15525936,10.7960114,-9.228084607
256,metal.00036.au,18.54194231,8.425974026,-14.67747648
257,reggae.00057.au,-17.01658868,-10.16843743,9.060583808
258,disco.00093.au,19.80396017,5.520379762,-10.51430542
259,hiphop.00018.au,13.09582625,-3.619340593,-16.40927597
260,country.00055.au,13.43983655,13.73775482,-4.674538361
261,metal.00039.au,18.55546269,21.71093003,-13.09530662
262,hiphop.00053.au,-4.760059742,-11.66321918,0.044647092
263,jazz.00038.au,-16.53235732,2.376334377,13.1870492
264,rock.00007.au,-3.402615514,10.33243927,3.913148001
265,country.00074.au,-23.96978327,0.57079353,15.6837289
266,hiphop.00033.au,47.64491241,-3.560834161,-10.22177098
267,blues.00083.au,39.26415254,12.19434722,-12.04513718
268,disco.00041.au,3.269981896,4.158307878,6.605583596
269,pop.00012.au,40.82722548,-4.961344741,1.650042985
270,rock.00091.au,17.04439095,14.23964301,-17.50969399
271,country.00051.au,-27.89384032,-1.334888526,5.480590071
272,country.00003.au,40.29921074,1.700751538,-1.101582894
273,hiphop.00022.au,15.16081344,5.629142205,0.092306527
274,jazz.00091.au,-52.14407092,-13.716271,5.248316668
275,country.00041.au,7.031239562,-7.862392508,1.180625949
276,pop.00022.au,53.78183754,-18.65137461,-1.426316326
277,reggae.00080.au,14.90544799,-8.616432927,-10.58157496
278,country.00047.au,-17.67307732,5.771798473,8.539038599
279,metal.00015.au,16.42153805,7.268300091,-16.67545311
280,hiphop.00078.au,17.79405404,-25.39337125,9.753610897
281,jazz.00036.au,-32.23193688,7.528415029,17.33447223
282,country.00049.au,5.547087735,13.94539613,3.342428434
283,reggae.00079.au,-4.600309446,-9.793003235,-6.006983131
284,metal.00014.au,12.6493355,8.402035506,-22.13649026
285,pop.00000.au,41.58991257,-13.94299059,8.600394965
286,country.00062.au,11.62646763,9.94408585,-6.110320339
287,reggae.00078.au,-16.07375591,-14.69095791,-1.735673195
288,metal.00028.au,34.11389898,15.0926831,-15.54258215
289,blues.00006.au,-26.90196992,7.461989884,4.63452624
290,reggae.00038.au,-45.02184313,-2.150646462,0.180762575
291,country.00018.au,-0.287506736,2.612422042,5.307553002
292,jazz.00059.au,-21.57319396,0.939521421,-1.00125412
293,country.00093.au,-28.72186539,-4.81162024,8.565856074
294,metal.00077.au,30.16651977,12.43947633,-15.37898324
295,classical.00027.au,-63.25456857,-4.768464697,15.79098179
296,pop.00085.au,29.15773146,-8.909054368,0.177013911
297,disco.00081.au,-22.57610865,-8.685304887,9.407197331
298,reggae.00097.au,-4.326348408,4.416955082,-0.534314343
299,blues.00017.au,-42.27544663,3.96789836,5.294070169
300,rock.00006.au,11.19173629,19.95051496,-2.022755748
301,country.00089.au,-29.79211724,2.050876138,9.983310577
302,disco.00069.au,3.552963346,6.188484343,-1.804761406
303,rock.00050.au,-6.682677721,-1.733681495,7.596217055
304,classical.00087.au,-67.08956821,-3.647010564,12.38675235
305,hiphop.00014.au,30.36780867,14.18657761,-20.06192732
306,classical.00048.au,6.890201864,13.7345744,7.246441207
307,hiphop.00034.au,51.52511611,-1.062986485,-6.51587399
308,rock.00099.au,-36.27999859,-10.23079831,13.79284186
309,blues.00043.au,9.847020063,5.075830179,-9.235835594
310,hiphop.00036.au,-32.06259188,-15.84387234,3.311544975
311,rock.00045.au,-17.04522535,8.107471613,10.18117285
312,jazz.00037.au,-28.84747826,5.236226653,8.40729621
313,disco.00055.au,14.39116086,6.322287,-7.684059044
314,jazz.00080.au,3.707727486,-9.318819066,-2.790260344
315,rock.00047.au,37.6525775,-8.273434891,-3.861956843
316,reggae.00017.au,-6.033448164,4.506372021,-6.493253311
317,blues.00070.au,1.462979723,10.45181955,-11.5384333
318,pop.00082.au,42.53361944,-12.7031376,6.682139055
319,jazz.00098.au,-34.58709301,-5.800244829,4.521260226
320,metal.00042.au,14.66796619,13.42005095,-19.75042099
321,metal.00027.au,32.37570798,13.25764608,-14.2145189
322,hiphop.00076.au,17.79405706,-25.39340198,9.753638572
323,pop.00038.au,53.46333125,-5.117419624,-7.056543399
324,hiphop.00011.au,24.25029626,9.934944489,-3.159679492
325,rock.00029.au,39.4547894,1.035947935,-5.848596456
326,jazz.00086.au,0.595426903,-12.30385032,-4.225137457
327,jazz.00007.au,-50.66605842,-5.802392189,11.49074398
328,jazz.00004.au,-44.77731905,-5.251711896,11.60899005
329,reggae.00040.au,-57.04400059,-1.466211915,5.141263891
330,hiphop.00054.au,7.330331085,-11.72236204,2.190893559
331,blues.00094.au,-20.80245274,-5.81525695,14.53975004
332,blues.00034.au,-30.35456891,-0.080884295,-3.497465646
333,rock.00093.au,4.850532337,14.5498894,-3.264777346
334,country.00038.au,6.806652948,-8.363908063,3.439697678
335,hiphop.00009.au,15.0167446,-0.777665952,-9.08427736
336,disco.00012.au,39.66633909,-4.640367978,-5.873924147
337,disco.00073.au,16.16526282,4.64915343,-12.43309915
338,reggae.00060.au,-51.52877459,-7.165936402,4.478082067
339,hiphop.00035.au,15.23916881,-12.09969712,7.411633617
340,disco.00044.au,31.40204427,0.050371109,3.901025626
341,rock.00071.au,18.48552636,9.907077939,-2.750357631
342,metal.00012.au,18.67161607,9.815791111,-18.38680961
343,classical.00029.au,-54.45599908,2.624872243,7.165198251
344,blues.00016.au,-37.02073041,-1.065390538,1.456757161
345,rock.00049.au,-11.62256742,-4.335178437,11.95209698
346,classical.00019.au,-72.52665586,-9.476874441,13.92405656
347,metal.00062.au,13.50284598,17.26749852,-23.02528507
348,rock.00020.au,27.20348331,18.26090832,-11.78248736
349,blues.00063.au,5.463702221,7.983495656,-16.6573466
350,rock.00078.au,2.324796833,4.980775255,-1.712657679
351,jazz.00067.au,-25.24773795,11.41422614,11.41982309
352,disco.00089.au,2.66194319,17.75470089,-9.357757099
353,pop.00079.au,-45.26382887,-10.29676666,7.447370203
354,reggae.00058.au,-9.957855273,-13.69021703,1.480561911
355,classical.00032.au,-71.73020325,-7.893750572,15.80221567
356,country.00099.au,34.51119646,16.27145741,-9.753223473
357,pop.00061.au,42.7587029,-16.25381571,-3.048802486
358,jazz.00072.au,-37.54510278,11.90251589,11.13804002
359,jazz.00053.au,-8.981741801,17.92769868,-11.24499962
360,hiphop.00059.au,-4.757113736,-3.736119366,-4.099548014
361,metal.00056.au,46.39889095,11.36764509,-13.7033209
362,blues.00047.au,-13.24476162,-4.086857169,-2.478383602
363,rock.00062.au,-33.31591442,-12.98253302,7.134812402
364,classical.00083.au,-63.49886154,-1.831842692,12.95834808
365,jazz.00082.au,-1.116803479,-11.86771769,-1.700704813
366,hiphop.00047.au,43.28533721,-14.90708304,4.637098758
367,hiphop.00055.au,-12.5882661,-0.682883247,4.044267502
368,rock.00074.au,16.442875,10.56205814,-6.257555197
369,pop.00092.au,50.6925356,-1.167820303,0.144062636
370,hiphop.00045.au,18.43849941,-13.071659,21.41046928
371,blues.00061.au,15.42812754,9.581763421,-14.76462391
372,hiphop.00085.au,7.513408481,0.178257085,-10.65603348
373,disco.00035.au,44.40765411,-11.17424467,0.458894675
374,pop.00087.au,49.4315852,-11.94677233,4.538686562
375,jazz.00040.au,-25.31524428,11.46387254,11.46526379
376,metal.00024.au,39.20606204,12.58275929,-14.68328823
377,metal.00069.au,6.481802511,6.206966383,-6.299695162
378,classical.00005.au,-45.28034944,0.603488372,9.747270185
379,pop.00093.au,51.47207821,-6.099934206,-0.92492209
380,rock.00009.au,-25.26719441,7.912710861,8.296016866
381,hiphop.00082.au,4.108915957,3.017671951,-7.679723388
382,pop.00064.au,34.37130511,-11.3517519,6.026939061
383,metal.00071.au,20.68663034,6.079935973,-20.92862572
384,metal.00086.au,11.51928089,9.859727882,-16.70637947
385,metal.00035.au,48.54632901,14.6388692,-13.46735212
386,country.00087.au,-9.100622552,10.40680537,4.286068265
387,jazz.00077.au,32.80129225,-8.462494404,-2.33323873
388,jazz.00073.au,34.65631287,-11.56630687,2.494389487
389,classical.00075.au,-65.73692692,-7.353444674,13.92023372
390,rock.00077.au,10.22007745,6.179022053,-5.706846074
391,classical.00001.au,-56.42844983,-3.89313976,11.42618263
392,pop.00041.au,-31.31887911,-7.809709602,8.701240331
393,hiphop.00046.au,42.26422707,-10.6511879,10.6034383
394,disco.00036.au,48.92329123,-6.701621427,-1.91886621
395,country.00050.au,-3.346302371,9.521026932,-6.407320307
396,jazz.00065.au,-38.49314169,-3.41309504,24.40335659
397,classical.00006.au,-54.00447899,-3.591710502,10.75575222
398,pop.00075.au,45.18960243,-17.34559029,2.850378446
399,jazz.00087.au,-56.21921652,-13.29027752,8.534749962
400,country.00080.au,11.45014156,13.76490123,-6.320067569
401,classical.00047.au,-68.31519529,-7.126868893,16.10043378
402,rock.00080.au,13.07207226,10.11723074,-11.77515192
403,hiphop.00027.au,7.624698253,-8.066644779,-3.746016194
404,rock.00082.au,12.13973401,7.409181944,-17.41589134
405,country.00085.au,-6.434037039,8.773128557,-1.496615679
406,hiphop.00051.au,29.3955609,-15.58256789,4.509601614
407,metal.00060.au,25.81755141,13.76814408,-12.67076164
408,jazz.00002.au,-44.8244251,4.758155127,12.87582274
409,classical.00052.au,-26.85444631,-9.156135972,14.87626738
410,reggae.00084.au,-8.547689879,-1.161097912,0.957775342
411,disco.00020.au,8.419929615,16.42698425,-7.604094022
412,rock.00086.au,-6.271154929,0.500791299,-16.51920284
413,rock.00002.au,4.345887606,3.595000405,-5.857374064
414,metal.00098.au,18.97479315,23.20706576,-13.28919628
415,reggae.00089.au,-31.24562679,7.573904747,10.44525371
416,classical.00077.au,-72.74410826,-5.270994147,13.51947895
417,disco.00040.au,35.19598863,-5.764107457,1.677416017
418,hiphop.00075.au,34.40909397,-16.87710857,5.475302304
419,reggae.00042.au,-15.08697534,-12.31221699,4.79559237
420,classical.00044.au,-67.01237188,-5.291210499,13.54674608
421,disco.00090.au,3.531361321,-0.26499286,-8.652849637
422,classical.00015.au,-69.91362775,-9.822879764,14.52679672
423,jazz.00092.au,-52.13845654,-12.13314515,7.767696019
424,rock.00040.au,35.33744198,-10.1944285,-4.83021559
425,jazz.00048.au,-29.41968376,-4.919812759,5.761259673
426,hiphop.00091.au,15.95131291,0.11861926,-13.03502928
427,blues.00095.au,-2.097612572,10.95500068,5.056573697
428,hiphop.00001.au,20.98752518,0.778935726,-14.32815223
429,rock.00058.au,-2.116309156,-4.097866714,4.556225874
430,metal.00079.au,22.5032327,9.240417645,-16.25625218
431,pop.00095.au,52.41417285,-9.971390551,4.937205025
432,country.00029.au,-22.75643742,7.224016476,10.02654406
433,jazz.00031.au,-41.36788481,-5.727617434,7.162849773
434,classical.00057.au,-65.14506362,-5.902891632,8.78719867
435,pop.00036.au,47.28700511,-4.670605784,7.673747125
436,metal.00054.au,44.77660896,10.79553308,-14.36935593
437,blues.00015.au,-38.50697163,0.045783065,4.967348448
438,rock.00037.au,30.07435683,-5.900621847,-4.460284379
439,country.00030.au,-49.60672369,-12.2829224,11.23272292
440,reggae.00093.au,-3.461547623,1.038401588,8.769700762
441,blues.00091.au,-39.3445174,1.324654853,19.04905632
442,reggae.00018.au,-18.12330606,-4.138594813,-4.796902498
443,classical.00017.au,-57.21860599,-1.746549398,18.07988066
444,rock.00084.au,12.44647497,7.839025707,-14.00947758
445,rock.00028.au,14.78473697,18.54443297,-18.1641071
446,reggae.00070.au,0.227140844,-4.184828907,-6.165371054
447,rock.00017.au,30.68332488,15.67966036,-13.18927683
448,pop.00063.au,0.84661891,3.429904489,6.021849823
449,hiphop.00064.au,28.61233239,-16.1510079,-0.104450639
450,country.00036.au,-58.68584204,-8.114711898,8.907128953
451,disco.00057.au,-4.629941865,11.48339876,-4.62235126
452,metal.00094.au,6.080901777,10.85531949,-28.04139896
453,rock.00073.au,28.00011032,12.40926272,-8.224213756
454,reggae.00064.au,43.62685893,-14.34296759,0.851131051
455,pop.00089.au,49.41329781,-9.970467658,-7.769126876
456,pop.00040.au,29.77133344,3.655885219,10.46888948
457,country.00033.au,3.85750859,-3.209341655,-2.707167126
458,pop.00018.au,45.6684139,-10.01502476,3.955233795
459,hiphop.00063.au,31.6916924,-11.9509848,-0.564096569
460,hiphop.00062.au,3.044725197,-11.4250971,5.762024025
461,country.00021.au,-37.52851761,4.35557045,12.25190417
462,reggae.00005.au,-23.49450345,-2.809219447,4.059150678
463,metal.00081.au,37.50982222,17.60346015,-14.23425958
464,disco.00065.au,12.09455179,5.612946196,-2.762047775
465,metal.00011.au,44.08800158,14.06078086,-15.94383946
466,classical.00002.au,-44.08288681,-1.572781605,10.79652307
467,classical.00016.au,-71.47522527,-7.903787339,14.1615598
468,pop.00078.au,41.21296276,-7.176140737,-2.234078689
469,pop.00072.au,51.48301526,3.080855598,-7.016333886
470,hiphop.00087.au,-13.64951856,-8.211762554,-3.359087626
471,metal.00083.au,35.99665321,12.41997903,-13.68013891
472,disco.00031.au,36.16277941,-8.792930622,-1.140654231
473,disco.00009.au,29.84962689,-6.364642821,-7.521945262
474,rock.00076.au,1.5106964,7.799828867,0.275487855
475,classical.00009.au,-61.19617671,-6.63330312,16.21807783
476,hiphop.00068.au,38.85678036,-14.79529771,-5.972026977
477,country.00001.au,49.55298072,-3.334366437,-4.116310973
478,metal.00067.au,20.28894431,9.768737629,-13.04109915
479,rock.00019.au,19.97553256,13.52211831,-13.87202837
480,hiphop.00044.au,-49.74849175,-1.014277306,2.761508002
481,rock.00035.au,-0.951804506,-0.777236422,3.032171135
482,hiphop.00042.au,41.87929767,-18.58792064,1.730343452
483,blues.00003.au,-31.00141837,7.246311611,6.454616877
484,reggae.00020.au,-23.06430629,-2.231184908,0.480511164
485,jazz.00026.au,-68.49698447,-9.988343597,12.08522508
486,jazz.00089.au,-53.12898015,-12.081407,8.454295142
487,rock.00005.au,29.14446511,22.75497907,-8.667725014
488,classical.00067.au,-70.6662831,-4.031677934,10.19067964
489,rock.00000.au,8.443404727,16.10309851,-11.98711587
490,jazz.00013.au,-33.40445724,-4.681233507,4.091508405
491,reggae.00025.au,-19.89052331,-3.016812394,10.40566524
492,pop.00081.au,-2.242822447,-2.815886919,5.894464515
493,blues.00067.au,10.23753414,10.48537743,-11.52896471
494,pop.00025.au,11.9725505,-8.296818596,5.806051801
495,classical.00071.au,-47.85298455,-1.348593935,15.94210175
496,jazz.00006.au,-38.58826014,-1.541365774,15.06131744
497,classical.00018.au,-66.01226322,-7.827775377,11.5074049
498,country.00070.au,13.92657666,12.16723887,-1.951512609
499,country.00076.au,-26.66645828,8.25234602,15.21466322
500,disco.00091.au,17.70918488,3.054401855,-4.236279331
501,pop.00076.au,52.13956232,-12.31472071,-1.613997823
502,pop.00034.au,42.62288122,-6.177690155,6.961074026
503,rock.00033.au,1.715298307,9.117697256,4.367875976
504,country.00056.au,-15.86042716,4.11197707,0.068088845
505,rock.00030.au,2.582848039,-14.54289326,-1.598460821
506,metal.00018.au,18.89830494,17.24943772,-20.57248937
507,pop.00091.au,55.07580037,-3.616121202,-4.358617997
508,hiphop.00026.au,20.69335824,-13.5066379,-4.111428647
509,country.00020.au,-8.546867673,-11.03671548,-3.427759642
510,rock.00055.au,5.548061497,8.901525063,5.256449235
511,reggae.00059.au,21.05636353,-7.996856621,3.715051667
512,disco.00027.au,-8.803502883,-9.656088036,3.930150667
513,rock.00065.au,14.12933017,15.388034,-13.27904863
514,metal.00019.au,15.12919637,5.321890755,-18.53338944
515,hiphop.00061.au,2.971574505,0.193247296,-0.078943305
516,rock.00021.au,30.37467669,17.41732021,-10.71354828
517,jazz.00022.au,-51.76184927,-9.303564069,9.518860313
518,metal.00088.au,0.76107273,0.79099973,-11.05960303
519,pop.00067.au,56.44667568,-5.199071614,11.47814529
520,country.00057.au,-1.439827048,7.5450543,-2.355917483
521,country.00061.au,-23.61065221,-0.683592099,9.655046597
522,jazz.00024.au,-28.66348313,-6.325814003,2.565523397
523,jazz.00083.au,2.629490688,-11.12374075,-1.315213872
524,pop.00027.au,33.52965136,-4.708562693,5.245658498
525,jazz.00078.au,2.825297707,-7.803894425,0.29318753
526,classical.00092.au,-50.32544433,-4.283226565,15.90503871
527,metal.00093.au,9.907571323,6.704758036,-13.61714917
528,rock.00003.au,-13.08663377,7.287452806,-0.353569658
529,pop.00010.au,8.396075046,0.402176604,8.645898821
530,blues.00056.au,-7.531683531,0.092576085,-7.498524102
531,jazz.00052.au,29.70089324,-13.83417021,3.138361325
532,reggae.00044.au,10.32959676,-8.6128749,2.817714376
533,disco.00098.au,9.09333562,26.47449975,-14.51934538
534,pop.00056.au,41.64850411,-27.41818891,-3.925159888
535,blues.00076.au,34.10651302,7.589815748,-13.41042946
536,disco.00022.au,40.17313585,-15.24756167,4.103234607
537,metal.00099.au,28.24898002,7.413392737,-15.33288238
538,jazz.00093.au,-33.83449829,-8.891177046,8.037920047
539,blues.00068.au,8.021227506,9.283778392,-13.37734826
540,metal.00070.au,-29.99480561,-14.05141537,1.603879339
541,metal.00046.au,43.26327641,12.64001549,-14.38403133
542,reggae.00012.au,-25.94873009,-5.619378926,1.20187255
543,metal.00049.au,45.26999654,12.58450008,-15.24621321
544,pop.00090.au,49.54454896,-11.60171136,4.354261707
545,reggae.00039.au,-52.74547688,-14.8020253,9.097560423
546,pop.00015.au,54.04495527,-18.49230736,-1.545755982
547,pop.00057.au,60.52961053,-13.46602071,-3.730130216
548,reggae.00003.au,-17.86609132,-19.81141969,15.45983533
549,country.00032.au,-35.7411111,-5.637557611,7.1206575
550,disco.00054.au,-35.80901032,-9.875361221,3.17918085
551,country.00064.au,-31.80120039,-3.340388065,7.123571223
552,blues.00018.au,-39.57264336,-2.844011271,2.753595319
553,disco.00042.au,31.82765163,4.599189557,-1.535380803
554,jazz.00085.au,2.718713271,-7.422327136,-3.646426298
555,disco.00025.au,2.617265359,-0.338668133,6.739699041
556,metal.00055.au,46.93602148,12.49909585,-15.36863574
557,jazz.00097.au,-66.18503376,-9.96691288,12.99667838
558,disco.00034.au,37.61316107,-11.02715429,2.579785621
559,rock.00026.au,26.85229113,15.24053077,-12.28791353
560,disco.00016.au,44.17846764,-1.207598459,-1.91749904
561,country.00083.au,-7.479858067,9.857254198,3.983674127
562,rock.00072.au,14.16628573,9.273732585,-4.896152956
563,jazz.00003.au,-56.66729887,-3.279814236,20.30898066
564,hiphop.00067.au,40.11828816,-14.95657849,0.599264518
565,hiphop.00086.au,-24.40257928,-8.473829575,2.703712344
566,jazz.00041.au,-43.55525712,9.129364677,10.17962975
567,country.00043.au,11.36004971,5.073132283,4.423859917
568,classical.00007.au,-49.27261111,-1.974268977,9.459335075
569,rock.00013.au,-28.65435774,-4.145972037,-7.053047616
570,blues.00028.au,-43.2040144,-4.604781649,13.40410657
571,hiphop.00096.au,0.659143714,7.56301876,-6.970997864
572,blues.00085.au,-21.87055387,3.90555779,0.921775487
573,country.00045.au,38.25807456,-4.281037,-1.071371917
574,blues.00071.au,11.0262224,9.958006009,-13.0914333
575,disco.00050.au,31.26366773,17.57743571,-14.99898276
576,reggae.00026.au,-13.85236632,-0.636595958,-5.830157253
577,classical.00043.au,-44.27438603,-0.235221296,15.00205432
578,classical.00069.au,-56.20254683,-4.065248552,13.61025563
579,country.00069.au,-32.20835387,2.373769463,6.555751971
580,jazz.00063.au,38.27826458,-7.123101179,1.062069577
581,hiphop.00037.au,33.93882854,-16.66250853,0.888586551
582,country.00000.au,48.47634028,-4.410603775,-0.992714248
583,hiphop.00002.au,-34.02393947,-3.385489939,2.272473715
584,classical.00099.au,-64.61782974,-8.170614252,15.71768908
585,reggae.00050.au,15.80990752,-10.00228079,-0.272914878
586,reggae.00004.au,-22.41598776,-5.79589663,5.083001263
587,classical.00042.au,-20.93268352,9.079550391,9.160660419
588,reggae.00035.au,-39.37846753,-0.824701895,-2.266185153
589,blues.00038.au,-26.5411614,1.903123403,-2.763351224
590,classical.00004.au,-45.33264482,-3.027676212,9.446950221
591,country.00004.au,48.13549192,-4.155554748,-3.342558376
592,country.00037.au,-20.12597499,-2.40964723,6.759110006
593,pop.00099.au,6.203021478,-8.72345215,7.394529313
594,rock.00067.au,4.311725345,3.280118338,-11.15699504
595,reggae.00021.au,20.83287216,9.708965449,-5.913385349
596,rock.00060.au,31.27852441,-6.624029005,2.407781851
597,metal.00008.au,-3.593665122,-9.637225372,-1.795151267
598,disco.00079.au,-17.33787743,-9.404649316,-0.00973277
599,disco.00048.au,11.4557498,3.390695485,-21.35868369
600,jazz.00057.au,-42.05888827,-0.391049033,9.095790114
601,metal.00063.au,14.26679517,12.99632996,-19.61967967
602,reggae.00032.au,-45.61499416,-3.870772696,5.265439947
603,rock.00039.au,38.46762224,-5.418198849,0.843158161
604,metal.00048.au,45.23402781,13.90461512,-14.0996764
605,jazz.00029.au,-36.44538527,-7.361696283,4.971061042
606,hiphop.00090.au,6.788439487,2.58667964,-6.741186973
607,classical.00091.au,-40.37465766,-8.321448919,7.641943355
608,metal.00068.au,10.47239468,14.45000028,-19.15885318
609,disco.00043.au,39.2811183,-3.36055491,5.022734842
610,rock.00015.au,-19.20133497,-8.306293562,4.095831459
611,reggae.00065.au,37.01731916,5.901667667,2.077084936
612,hiphop.00028.au,24.87715442,-8.570840614,-5.977904967
613,hiphop.00031.au,49.70622331,-6.421470096,-6.134025439
614,country.00015.au,1.742729747,11.36905439,-6.273581175
615,country.00016.au,-36.18933923,1.171057559,13.66898006
616,blues.00078.au,40.83783972,15.22633865,-13.88581765
617,country.00022.au,-28.12536856,-1.556532808,8.936649499
618,reggae.00061.au,36.29230757,-13.62729029,3.800998499
619,classical.00034.au,-54.05376367,-3.212279648,16.32393159
620,reggae.00068.au,-22.20647856,-11.9574715,1.255594079
621,reggae.00045.au,4.599005784,-12.39118804,-4.988178057
622,rock.00061.au,-31.68152272,-11.53984142,9.599963082
623,reggae.00037.au,-41.70786808,-4.763492421,0.912295164
624,classical.00089.au,-54.94036087,-5.262487154,4.108354653
625,pop.00048.au,47.33214989,-12.56442713,-1.365501223
626,hiphop.00069.au,49.32498668,-16.85466083,4.570403259
627,pop.00042.au,50.17335034,-5.542833064,1.542744659
628,classical.00070.au,-58.27798441,-2.16445901,10.12299735
629,hiphop.00040.au,-11.84118725,-6.437711653,9.804761956
630,classical.00038.au,-52.20882074,1.951243794,8.485594796
631,metal.00032.au,26.03578828,13.70320219,-16.19251251
632,rock.00031.au,29.48755627,-5.888803062,7.170514479
633,blues.00039.au,-50.28321686,-13.01812181,12.43285959
634,reggae.00052.au,38.14094857,-18.43726503,4.138560883
635,metal.00023.au,33.84551834,10.44235777,-14.76551246
636,jazz.00032.au,-54.10056213,-7.878430024,10.66076149
637,blues.00008.au,3.834180753,7.240485905,-4.35100624
638,pop.00020.au,53.13920965,0.101056203,-2.810407333
639,blues.00088.au,-31.07173608,4.536019634,7.086612303
640,rock.00098.au,-30.74718624,1.422689403,16.60274803
641,metal.00013.au,16.2214927,8.721491523,-19.39657885
642,disco.00083.au,-23.71808401,-4.454088974,-2.46552798
643,classical.00086.au,-53.70228793,0.779711254,11.44539239
644,classical.00051.au,-24.78072449,-0.382620606,18.05931062
645,reggae.00030.au,-38.76764394,-7.269249552,1.683696869
646,metal.00066.au,-0.966166227,17.35055323,-24.91824273
647,rock.00041.au,43.51160661,-3.943492591,-3.881628601
648,classical.00080.au,-73.79802813,-8.459980798,16.88791325
649,hiphop.00081.au,-32.86782047,-0.696601672,4.605960789
650,classical.00084.au,-65.82840297,-3.756387923,11.60195356
651,country.00017.au,-22.14285387,1.186742194,11.38284319
652,classical.00024.au,-40.42649905,2.821864794,12.46332369
653,hiphop.00039.au,18.43849749,-13.07166115,21.41046043
654,blues.00054.au,28.16444221,11.50874525,-13.02923978
655,pop.00047.au,51.15204975,-15.61230771,-8.328891029
656,reggae.00071.au,2.573341435,-14.81087851,3.077159428
657,disco.00097.au,7.746141419,-2.102579281,-7.992529482
658,jazz.00061.au,47.07594191,-1.929662226,-2.244462861
659,rock.00089.au,-15.03855899,6.92086758,4.963586812
660,classical.00079.au,-69.28682639,-5.393251575,16.64697293
661,blues.00022.au,-34.82480936,3.799743528,4.358268724
662,reggae.00029.au,-32.03346069,-5.96358678,0.5877508
663,hiphop.00065.au,3.130455731,-12.64347264,10.85372241
664,rock.00064.au,4.533620984,12.32127685,-9.22999505
665,reggae.00066.au,-6.229286499,10.22060974,9.099138753
666,blues.00026.au,-48.66130983,-14.99292033,9.79527845
667,country.00010.au,-27.10440429,-10.50663039,10.1241961
668,rock.00043.au,35.53771933,-5.309522892,-6.455846222
669,metal.00090.au,11.79670364,6.913941886,-8.099740579
670,pop.00002.au,42.88776664,-11.27477182,4.037590679
671,metal.00001.au,26.88556263,-7.099675473,-5.58341522
672,rock.00054.au,-0.030515438,-7.727830357,3.939824082
673,rock.00038.au,49.22481838,0.606968,-7.007731304
674,metal.00017.au,16.98834237,7.456215874,-14.98576339
675,disco.00062.au,18.95004652,-0.160433774,-11.02393007
676,hiphop.00010.au,28.10044938,7.884039299,-10.94382933
677,disco.00064.au,-28.6970895,-8.953547908,-4.969876275
678,country.00025.au,-31.0305993,-2.376997834,9.51381816
679,country.00058.au,9.768988016,10.27944093,-3.581757851
680,classical.00058.au,-62.98728865,-4.967047382,12.70852033
681,reggae.00016.au,27.31914981,10.22762516,-6.243262725
682,disco.00032.au,7.921292941,1.008116791,3.591038746
683,country.00082.au,25.12757503,10.28442917,-10.440018
684,classical.00088.au,-53.98788079,1.330175706,9.195643253
685,jazz.00095.au,-31.99763711,-4.994231365,3.403975156
686,classical.00046.au,9.016637378,14.63180208,1.111006255
687,classical.00097.au,-48.17112745,-5.502340248,10.49869455
688,metal.00021.au,19.52738988,6.117484422,-16.31976397
689,jazz.00099.au,-53.491725,-9.328438149,9.545624328
690,country.00090.au,17.49761875,13.83142242,-7.275409827
691,country.00067.au,-56.7535641,-8.330926041,15.38181715
692,blues.00097.au,-14.27224798,10.61623658,3.178631996
693,blues.00025.au,-40.00103178,1.515367283,1.904592122
694,rock.00088.au,10.37064569,11.26847877,-21.60384776
695,reggae.00049.au,5.806534998,-6.230791001,5.473450125
696,disco.00067.au,9.060372671,13.27324226,-13.34116365
697,reggae.00024.au,-16.97244969,-0.990608598,2.942276152
698,classical.00076.au,-46.96336784,-0.364023143,15.98042463
699,jazz.00049.au,-3.585368913,-7.474023724,9.145432993
700,classical.00023.au,-68.15728973,-7.340954128,13.72627844
701,metal.00050.au,46.64831105,12.95801108,-13.29514257
702,jazz.00068.au,-31.2187309,14.85609803,14.39618815
703,country.00006.au,49.05457337,-2.92912696,-1.880278104
704,rock.00097.au,-1.574035125,13.28141058,-6.224406576
705,blues.00049.au,-42.13312195,-8.04785755,3.96455654
706,rock.00046.au,28.45828545,-3.402313067,1.72984224
707,pop.00083.au,9.290196738,-7.522276057,5.669285611
708,disco.00087.au,8.454146854,11.15466465,-6.394281144
709,disco.00023.au,46.14903465,-7.172078218,-7.901278745
710,metal.00003.au,31.82007006,11.28650593,-15.14587138
711,reggae.00096.au,-14.52639108,4.54120624,8.904659952
712,reggae.00010.au,-36.79724175,-9.897696605,-1.603512057
713,reggae.00098.au,-1.447610327,0.537613744,-4.25235028
714,jazz.00064.au,14.79788728,12.86355415,2.138703368
715,hiphop.00049.au,50.73858651,-14.67485472,3.764792617
716,hiphop.00083.au,5.737488922,0.913726728,-7.650684113
717,blues.00057.au,21.27583047,13.1561073,-3.593619151
718,disco.00033.au,34.90737286,0.232590632,-4.712573634
719,hiphop.00020.au,8.432609114,-2.905014641,-15.8305846
720,country.00098.au,-3.529564895,10.22113406,2.784814891
721,metal.00059.au,36.33107782,14.94180324,-15.09688689
722,disco.00056.au,-25.95138188,-3.30314924,5.959556973
723,country.00026.au,-34.01488517,5.541800005,11.85043182
724,metal.00029.au,9.739426982,5.987199213,-15.34482442
725,metal.00016.au,46.74827447,14.89001752,-16.12456955
726,disco.00071.au,11.64606563,2.56726923,-12.26275362
727,disco.00078.au,-25.60085043,-7.06325997,5.355882306
728,disco.00015.au,42.72021167,-0.984031385,5.23729099
729,rock.00010.au,7.538161101,7.433688293,-2.322548548
730,blues.00086.au,-32.96532087,5.94428077,1.036840599
731,hiphop.00038.au,30.81155478,5.056730171,9.469922999
732,metal.00043.au,14.21211082,11.80065948,-31.24468946
733,classical.00014.au,-58.31114801,-3.324506947,16.21951077
734,hiphop.00004.au,-1.259765589,-3.934872408,-12.22867453
735,blues.00064.au,11.10724653,10.30652612,-14.07855477
736,rock.00070.au,-25.79765031,-12.02587666,-2.108244088
737,reggae.00091.au,-11.94763204,5.655270787,-11.89311981
738,blues.00042.au,-13.17544882,-5.092947514,-4.051664826
739,pop.00053.au,1.233306044,-7.353472572,6.279989379
740,metal.00096.au,32.88253391,9.757473196,-18.30566592
741,disco.00005.au,46.36902084,-3.775908619,-6.635555338
742,rock.00042.au,34.15744253,-5.628552985,-2.356452015
743,metal.00022.au,31.78584708,13.61001379,-10.04965105
744,jazz.00000.au,-44.78386956,-2.040955392,19.53182559
745,classical.00090.au,-55.71014667,-5.019771883,7.128468139
746,blues.00051.au,28.70678102,14.07886038,-10.66753503
747,disco.00014.au,46.78168794,-5.1385705,-2.571761151
748,hiphop.00097.au,9.599753312,-0.727355114,-9.456695703
749,pop.00088.au,49.40170906,-7.523375522,6.312015041
750,metal.00047.au,43.93449196,11.51634122,-15.89391075
751,blues.00035.au,-25.68786203,2.627001273,-1.080696117
752,pop.00016.au,36.95053291,-14.78331674,9.320933611
753,disco.00019.au,12.59003737,9.55522234,8.807275105
754,rock.00069.au,-28.8235279,-9.462691259,1.796763335
755,jazz.00071.au,-38.42795903,3.717573336,15.25593783
756,jazz.00021.au,-27.05947891,-10.71429584,0.990196924
757,metal.00084.au,44.35663896,16.46380571,-13.72080099
758,hiphop.00007.au,32.2940101,12.55405256,-5.458113879
759,jazz.00034.au,-8.986085582,17.9295192,-11.24211447
760,classical.00059.au,-29.74486389,3.499539864,16.09221288
761,classical.00031.au,-64.94182512,-4.728163504,16.12286804
762,disco.00061.au,13.15822922,1.2751992,-5.74307347
763,metal.00004.au,3.585339569,-10.27808945,-4.518829341
764,metal.00061.au,18.78622167,12.15718612,-20.53988522
765,country.00002.au,5.704582583,-7.079914757,2.871164982
766,reggae.00090.au,7.373190795,-14.83504647,5.248805315
767,jazz.00035.au,-46.14744559,4.076706602,15.98629477
768,blues.00044.au,8.340792747,3.780163046,-10.2636903
769,classical.00066.au,-70.16144242,-4.672388585,12.91539454
770,blues.00087.au,-10.47364965,5.618188795,0.727624394
771,jazz.00094.au,-61.83515579,-9.203052027,12.37347463
772,jazz.00042.au,-31.23131161,14.84796223,14.39730222
773,blues.00037.au,-54.59183489,-11.09783624,10.56783518
774,metal.00009.au,44.41421039,13.58463291,-11.19103649
775,reggae.00073.au,10.785988,-9.476086248,9.313514543
776,pop.00024.au,45.02684948,-5.638868797,4.096610087
777,reggae.00013.au,-30.95093179,-2.637251987,2.373629045
778,rock.00036.au,49.92300719,-0.093343557,-4.301653838
779,classical.00040.au,-63.08951302,-5.147200036,10.21186407
780,reggae.00036.au,-37.87568387,-4.491663244,-0.305925415
781,rock.00052.au,-25.20842423,-12.58835298,10.85708019
782,metal.00065.au,16.00068071,9.94102699,-22.13419869
783,rock.00056.au,51.29658237,-3.295446943,-2.81680034
784,classical.00078.au,-73.27955693,-6.64140283,16.23433806
785,reggae.00054.au,-17.84069342,-19.82166389,15.46209817
786,country.00013.au,4.265170265,-7.730315216,3.601139251
787,jazz.00046.au,-37.56297075,11.90114226,11.14736026
788,country.00012.au,-5.765878115,3.695526094,3.994951454
789,disco.00077.au,31.90379775,16.62123222,-6.980638937
790,blues.00027.au,-36.42023234,0.549064961,9.804048618
791,metal.00075.au,38.72212263,10.81157627,-8.868319251
792,reggae.00011.au,-27.8692997,-9.417216091,5.84781786
793,metal.00053.au,44.75534809,12.15174265,-13.05481231
794,classical.00041.au,-60.43822476,-3.009696218,14.51069085
795,rock.00018.au,22.9005972,13.8599418,-10.48273295
796,reggae.00009.au,-41.86858518,-6.547473187,-3.409955269
797,pop.00031.au,59.56549543,-1.467191744,-8.84234968
798,classical.00033.au,-69.17996138,-6.385431694,10.57438033
799,rock.00022.au,34.02551232,18.31894297,-14.0416288
800,classical.00062.au,-55.37729178,0.40575979,17.36902234
801,pop.00050.au,40.11074762,-11.86543416,6.952219644
802,metal.00045.au,-0.966166839,17.3506455,-24.91825309
803,disco.00059.au,7.582352663,3.236742923,-3.68006648
804,hiphop.00099.au,3.670789957,0.819350826,-5.182740421
805,metal.00006.au,1.54259261,-10.01636115,-4.492233169
806,jazz.00009.au,-53.55871661,-6.746215817,14.17697975
807,country.00009.au,51.44988046,-1.395338001,-4.308327797
808,rock.00008.au,38.48042378,18.90030691,-13.27592195
809,country.00039.au,23.29882521,-12.13506774,-3.990474253
810,jazz.00015.au,-28.62058589,-3.691095751,4.951515191
811,blues.00092.au,-56.91095634,-12.84244824,12.1598219
812,metal.00080.au,23.74175957,2.528663829,-15.89019721
813,pop.00007.au,-34.72567664,-4.072793698,11.10700232
814,pop.00039.au,53.19969669,-5.658151606,3.433474705
815,classical.00008.au,-53.38950694,-1.564927144,8.780607245
816,reggae.00055.au,-1.332341089,-4.356116362,2.145389897
817,metal.00007.au,4.631963962,-7.886283694,-3.914537569
818,country.00052.au,-44.93658294,-7.572571639,9.797477966
819,classical.00035.au,-56.209749,-5.140013698,14.94576378
820,disco.00011.au,44.96014476,-7.374959857,-1.976022991
821,country.00092.au,30.46180324,12.80925496,-11.60724613
822,hiphop.00000.au,10.73057362,16.55174348,-15.91377385
823,rock.00001.au,6.554497638,10.8836013,0.894919725
824,metal.00076.au,13.88908846,2.089516595,-17.20180583
825,reggae.00022.au,17.38664995,2.857762155,-9.201981379
826,pop.00021.au,51.37043339,-6.045591213,-9.823344668
827,rock.00048.au,7.91025988,15.95602747,0.365596588
828,blues.00048.au,8.32079491,7.063739362,-9.202697766
829,rock.00053.au,52.16369263,-2.584630616,-5.095310383
830,hiphop.00074.au,38.24174792,-19.00716303,-0.636291788
831,jazz.00005.au,-45.42691912,2.488962567,1.261902389
832,jazz.00025.au,-38.44270112,-7.913123223,5.931178172
833,rock.00027.au,4.155796757,-8.408789501,-6.133140819
834,disco.00037.au,49.18452461,-8.302521289,-3.483509815
835,jazz.00054.au,4.168383633,8.042279926,4.74963457
836,pop.00084.au,12.20354112,-13.8238013,3.653675693
837,blues.00023.au,-37.86991642,4.691164637,7.448163126
838,blues.00069.au,4.504334078,10.16212887,-13.77352943
839,hiphop.00052.au,-6.588545376,-7.895571025,-0.001610961
840,jazz.00074.au,-2.950368554,-6.489572555,-0.587795048
841,jazz.00070.au,-41.37000244,4.303373016,20.29033548
842,jazz.00055.au,-45.87119948,3.897972881,15.90885488
843,classical.00060.au,-19.20780124,8.492454071,6.373626782
844,disco.00045.au,17.15974623,11.81667141,5.525865456
845,reggae.00072.au,31.28915093,-10.33781884,5.06443878
846,blues.00013.au,-33.43777481,0.55500305,2.54938539
847,pop.00009.au,47.56646109,-7.186573939,3.534716937
848,rock.00094.au,15.89126056,11.33818871,-17.03619033
849,classical.00081.au,-65.25653277,-5.85867673,12.15165031
850,hiphop.00043.au,-1.225265339,3.468723953,11.33756781
851,country.00024.au,-26.17512731,-3.220399034,12.28730722
852,classical.00036.au,-67.40121926,-8.982416448,14.74780597
853,metal.00097.au,28.35903303,5.58573821,9.138399343
854,rock.00092.au,17.88380695,13.59696869,-16.52190882
855,classical.00021.au,-51.37377395,-1.158606639,14.61649588
856,blues.00005.au,-22.43300418,9.719832264,2.511092939
857,country.00063.au,-23.07271927,4.582241357,-4.073774879
858,reggae.00077.au,-12.60530205,-2.8969483,2.349443847
859,metal.00064.au,14.21212672,11.80047667,-31.24470022
860,blues.00036.au,-28.37048569,2.746904614,-1.419164644
861,blues.00000.au,4.854384321,7.560414058,-0.589540284
862,disco.00030.au,47.22435591,-9.465446633,-2.28833386
863,metal.00002.au,23.95425923,14.65640046,-13.99820363
864,blues.00040.au,8.076768703,4.814114279,-12.21139349
865,reggae.00008.au,-26.35715183,-2.262511214,2.148758442
866,blues.00014.au,-51.16727627,-9.365903571,7.327416551
867,pop.00086.au,42.08462602,-9.842283147,0.859875794
868,jazz.00033.au,-44.00976435,-7.973428467,17.30522552
869,disco.00029.au,39.8296925,-7.601039005,-0.757872947
870,country.00097.au,-5.082543687,11.6352726,0.599249441
871,disco.00028.au,51.60407624,-6.692259258,-3.604210828
872,pop.00013.au,-10.30578728,-7.836922692,7.557902595
873,reggae.00048.au,5.636216975,-7.032082716,-10.15402839
874,metal.00087.au,48.75155237,11.26466848,-14.33733248
875,country.00046.au,1.040544521,16.36618307,-3.717048247
876,rock.00044.au,3.864943513,8.9456782,6.617380328
877,reggae.00015.au,-15.4297676,-0.423522865,-1.101849687
878,blues.00001.au,-32.99433236,-3.527698907,-1.449268836
879,country.00065.au,-42.77215701,5.622385851,16.10481993
880,pop.00054.au,59.08986705,-13.92272219,8.253375912
881,hiphop.00071.au,41.98195234,-17.99341414,6.27533861
882,reggae.00094.au,9.911456937,9.588414536,3.853529329
883,disco.00021.au,8.110931872,-10.02588191,5.202808498
884,disco.00096.au,0.213840229,4.992068688,-12.58450825
885,hiphop.00006.au,25.19121984,1.446238901,-16.54508905
886,hiphop.00025.au,36.65867786,9.421041987,-16.28608694
887,jazz.00012.au,-43.73004366,-5.372460299,8.50898762
888,pop.00001.au,47.88240527,-10.56781439,8.765568895
889,pop.00023.au,46.75291714,-12.99090919,2.345900228
890,metal.00082.au,26.78730613,13.20845672,-11.42138668
891,country.00068.au,-40.34103379,0.75074088,13.1451685
892,blues.00010.au,-24.28992003,12.32840093,6.909136757
893,pop.00035.au,54.29641394,0.293796675,-5.884129649
894,pop.00003.au,0.617155766,7.367964632,8.488522098
895,rock.00011.au,-18.04098087,1.54939479,0.013896867
896,classical.00013.au,-62.02046018,-2.20251323,9.745007829
897,country.00028.au,-20.52716749,5.999152765,8.464195277
898,blues.00030.au,-29.92895241,1.895934109,-0.992009153
899,disco.00060.au,1.882401971,18.23123073,-9.516430608
900,disco.00052.au,20.1522838,15.29549439,-17.26638947
901,reggae.00023.au,-10.17222957,-8.264760167,-9.337121284
902,rock.00081.au,5.220346724,12.77070999,-17.69835738
903,country.00066.au,7.579640566,17.04126507,-1.56188473
904,jazz.00008.au,-24.30960458,1.892399164,6.280916782
905,pop.00005.au,28.71468421,3.619020279,11.46868368
906,country.00019.au,-42.73845374,2.48315496,17.73249333
907,pop.00094.au,44.6493884,-2.222545514,1.79974393
908,country.00079.au,-40.40875559,5.87763033,14.0379786
909,disco.00006.au,48.46567023,-1.892030886,-6.52634675
910,metal.00085.au,32.00918983,13.74617904,-16.5956154
911,rock.00012.au,-31.55050828,-7.492577366,3.826327261
912,hiphop.00073.au,39.63189662,-15.35416205,6.309374348
913,hiphop.00084.au,-35.60516287,-13.33980298,1.106148574
914,disco.00070.au,17.16076697,14.05801339,-11.74282824
915,rock.00014.au,-45.39845329,-7.245663611,2.895792622
916,reggae.00028.au,-40.71828671,-11.87705748,4.784192488
917,jazz.00023.au,-24.10712413,-5.855054214,3.064173905
918,disco.00007.au,41.80354233,-8.963645925,-5.466539552
919,rock.00024.au,28.16503734,16.27276981,-14.93019701
920,country.00073.au,-18.0723919,2.900253382,3.280838423
921,blues.00072.au,6.424892911,9.337201894,-14.37954889
922,metal.00052.au,45.03563454,12.64591852,-18.3059164
923,pop.00008.au,42.62131623,-8.077736543,4.548913063
924,pop.00046.au,42.22041954,-5.10738338,13.19566288
925,jazz.00030.au,-56.88035477,-5.328184101,9.449139249
926,pop.00077.au,54.15251735,-9.474578515,0.653406664
927,disco.00095.au,-12.31057017,-3.941408805,-10.13752845
928,country.00044.au,-8.174303595,6.739499021,6.320126974
929,metal.00025.au,7.984041794,5.73645198,-19.60443752
930,hiphop.00021.au,39.34266577,11.84856172,-17.25709868
931,hiphop.00088.au,17.88268285,3.389523334,-16.57692452
932,metal.00033.au,35.25648675,14.51830568,-19.60325353
933,classical.00056.au,11.32089872,17.51010117,2.264266396
934,blues.00031.au,-31.68663728,0.873779047,-0.465371789
935,blues.00090.au,-18.26324045,-2.314867214,-1.257872204
936,hiphop.00048.au,38.72400615,-11.86943879,13.28979092
937,metal.00044.au,15.63110419,10.34465323,-21.889419
938,country.00023.au,-60.04520694,-11.64670852,9.424323518
939,reggae.00014.au,-34.03828433,-4.310537322,-5.303077606
940,blues.00058.au,20.43093038,9.356637474,-9.223975346
941,country.00094.au,16.94221612,15.03458329,-1.230473218
942,pop.00004.au,47.935867,-3.389682067,0.714652648
943,disco.00017.au,14.9837199,-4.051419565,4.205379833
944,hiphop.00005.au,43.47837013,10.23951147,-11.64111112
945,jazz.00081.au,-34.76199529,-11.28516381,6.125962111
946,reggae.00076.au,13.53504443,-6.859361447,-4.484855912
947,country.00040.au,9.18723452,-5.700593465,-0.070899529
948,hiphop.00066.au,11.10354633,-2.040272989,6.122683814
949,blues.00081.au,38.64832259,19.59815261,-16.34476589
950,hiphop.00093.au,-14.29442336,-7.502215098,-5.474823063
951,country.00042.au,7.592500932,-6.156769707,2.742408692
952,blues.00024.au,-46.97232766,-6.387374542,13.58604572
953,jazz.00044.au,-41.64174445,4.373465482,20.29322203
954,metal.00057.au,41.54054736,9.620268483,-15.24676338
955,classical.00065.au,-70.72771852,-4.256901215,11.80332966
956,classical.00054.au,10.84217499,18.29746131,3.949491604
957,reggae.00051.au,-2.468502535,-13.79027281,-4.356864858
958,metal.00034.au,6.081849031,10.9387596,-28.03839602
959,rock.00068.au,5.802811242,6.554046642,-11.40282428
960,hiphop.00089.au,10.94855779,-0.861504326,-12.19889772
961,classical.00064.au,-71.66704855,-5.386077795,16.71205475
962,pop.00051.au,55.05026478,-6.805593317,-3.242562085
963,metal.00031.au,41.0473463,12.70107721,-13.53670651
964,blues.00041.au,9.20007697,2.678556463,-10.77458627
965,reggae.00053.au,-42.3380395,-11.59478101,10.68923071
966,classical.00003.au,-56.19544137,-5.519623169,12.19985219
967,metal.00078.au,45.91301958,8.893797312,-13.25264421
968,pop.00097.au,9.218766454,-12.13362295,7.622173356
969,disco.00086.au,15.20226295,17.42984555,-5.657836451
970,jazz.00039.au,-38.50392804,-3.41038847,24.40213042
971,hiphop.00013.au,5.516517913,19.01859459,-1.839719856
972,reggae.00069.au,-3.030682207,-9.711668493,2.552550757
973,country.00077.au,5.58458946,15.79673255,-0.314857671
974,metal.00000.au,35.33680433,-8.182391716,-4.136130339
975,pop.00026.au,35.91744911,-1.46189496,9.197926372
976,blues.00050.au,20.96831104,12.26377003,-7.794597122
977,pop.00037.au,52.43407004,-1.284348668,-9.584852765
978,disco.00046.au,2.111771767,4.103258032,-8.822844808
979,country.00084.au,20.36331012,17.06806833,-5.166763685
980,disco.00026.au,39.22161862,-11.06427273,-0.144893978
981,pop.00033.au,31.12350832,-4.139968258,0.744973506
982,disco.00072.au,5.416868522,0.854196093,-19.06048726
983,hiphop.00077.au,52.77084143,-0.152920862,2.789103061
984,disco.00024.au,37.69354697,-4.875276138,2.971787059
985,reggae.00074.au,10.76756848,-9.464281183,9.309829173
986,classical.00098.au,-52.77490592,-3.700290973,6.753327485
987,jazz.00001.au,-61.97558136,-3.716743272,18.47009156
988,disco.00039.au,9.840377555,-0.886469772,0.138779555
989,country.00053.au,14.86890224,10.53712825,-8.168620423
990,reggae.00085.au,-16.00262884,8.710048079,11.91205893
991,pop.00043.au,42.977997,-11.68737364,-3.008243475
992,metal.00073.au,46.94871257,10.81132123,-11.51831597
993,blues.00099.au,-22.1230483,7.75651279,15.62240024
994,classical.00094.au,-63.75351964,-8.912295552,17.82731199
995,blues.00079.au,42.61472631,14.42009735,-12.93764955
996,metal.00074.au,-28.88832414,-11.70718515,1.140561089
997,classical.00085.au,-48.06747544,3.416311913,9.483078366
998,classical.00026.au,-53.03663622,-2.109965138,16.48984734
999,rock.00083.au,3.596715312,6.98013743,-6.613898201